INN_Name,Smiles,InCHI key
Abemaciclib,Smiles=CCN1CCN(CC1)Cc2ccc(nc2)Nc3ncc(c(n3)c4cc5c(c(c4)F)nc(n5C(C)C)C)F,InChiKey=UZWDCWONPYILKI-UHFFFAOYSA-N
Abivertinib,Smiles=CN1CCN(CC1)c2ccc(cc2F)Nc3nc4c(cc[nH]4)c(n3)Oc5cccc(c5)NC(=O)C=C,InChiKey=UOFYSRZSLXWIQB-UHFFFAOYSA-N
Acalabrutinib,Smiles=CC#CC(=O)N1CCC[C@H]1c2nc(c3n2ccnc3N)c4ccc(cc4)C(=O)Nc5ccccn5,InChiKey=WDENQIQQYWYTPO-IBGZPJMESA-N
Acalisib,Smiles=C[C@@H](c1nc2ccc(cc2c(=O)n1c3ccccc3)F)Nc4c5c(nc[nH]5)ncn4,InChiKey=DOCINCLJNAXZQF-LBPRGKRZSA-N
Acumapimod,Smiles=Cc1ccc(cc1n2c(c(cn2)C(=O)c3cccc(c3)C#N)N)C(=O)NC4CC4,InChiKey=VGUSQKZDZHAAEE-UHFFFAOYSA-N
Adavosertib,Smiles=CC(C)(c1cccc(n1)n2c3c(cnc(n3)Nc4ccc(cc4)N5CCN(CC5)C)c(=O)n2CC=C)O,InChiKey=BKWJAKQVGHWELA-UHFFFAOYSA-N
Afatinib,Smiles=CN(C)C/C=C/C(=O)Nc1cc2c(cc1O[C@H]3CCOC3)ncnc2Nc4ccc(c(c4)Cl)F,InChiKey=ULXXDDBFHOBEHA-CWDCEQMOSA-N
Afuresertib,Smiles=Cn1c(c(cn1)Cl)c2cc(sc2Cl)C(=O)N[C@@H](Cc3cccc(c3)F)CN,InChiKey=AFJRDFWMXUECEW-LBPRGKRZSA-N
Alectinib,Smiles=CCc1cc2c(cc1N3CCC(CC3)N4CCOCC4)C(c5c(c6ccc(cc6[nH]5)C#N)C2=O)(C)C,InChiKey=KDGFLJKFZUIJMX-UHFFFAOYSA-N
Alisertib,Smiles=COc1cccc(c1C2=NCc3cnc(nc3-c4c2cc(cc4)Cl)Nc5ccc(c(c5)OC)C(=O)O)F,InChiKey=ZLHFILGSQDJULK-UHFFFAOYSA-N
Allitinib,Smiles=C=CC(=O)Nc1ccc2c(c1)c(ncn2)Nc3ccc(c(c3)Cl)OCc4cccc(c4)F,InChiKey=MVZGYPSXNDCANY-UHFFFAOYSA-N
Alpelisib,Smiles=Cc1c(sc(n1)NC(=O)N2CCC[C@H]2C(=O)N)c3ccnc(c3)C(C)(C)C(F)(F)F,InChiKey=STUWGJZDJHPWGZ-LBPRGKRZSA-N
Altiratinib,Smiles=c1cc(ccc1NC(=O)C2(CC2)C(=O)Nc3cc(c(cc3F)Oc4ccnc(c4)NC(=O)C5CC5)F)F,InChiKey=GNNDEPIMDAZHRQ-UHFFFAOYSA-N
Alvocidib,Smiles=CN1CC[C@@H]([C@@H](C1)O)c2c(cc(c3c2oc(cc3=O)c4ccccc4Cl)O)O,InChiKey=BIIVYFLTOXDAOV-YVEFUNNKSA-N
Amcasertib,Smiles=CCN(CC)CCNC(=O)c1c(c([nH]c1C)/C=C\2/c3cc(ccc3NC2=O)c4csc(n4)c5ccccc5)C,InChiKey=QDWKGEFGLQMDAM-ULJHMMPZSA-N
Amuvatinib,Smiles=c1ccc2c(c1)c3c(o2)c(ncn3)N4CCN(CC4)C(=S)NCc5ccc6c(c5)OCO6,InChiKey=FOFDIMHVKGYHRU-UHFFFAOYSA-N
Anlotinib,Smiles=Cc1cc2c([nH]1)ccc(c2F)Oc3ccnc4c3cc(c(c4)OCC5(CC5)N)OC,InChiKey=KSMZEXLVHXZPEF-UHFFFAOYSA-N
Apatinib,Smiles=N#CC1(CCCC1)c1ccc(cc1)NC(=O)c1cccnc1Nc1cnccc1C,InChiKey=MGZNERAVOCFMCU-UHFFFAOYSA-N
Apitolisib,Smiles=Cc1c(sc2c1nc(nc2N3CCOCC3)c4cnc(nc4)N)CN5CCN(CC5)C(=O)[C@H](C)O,InChiKey=YOVVNQKCSKSHKT-HNNXBMFYSA-N
Asciminib,Smiles=c1cc(ccc1NC(=O)c2cc(c(nc2)N3CC[C@H](C3)O)c4ccn[nH]4)OC(F)(F)Cl,InChiKey=VOVZXURTCKPRDQ-CQSZACIVSA-N
Avapritinib,Smiles=C[C@](c1ccc(cc1)F)(c2cnc(nc2)N3CCN(CC3)c4c5cc(cn5ncn4)c6cnn(c6)C)N,InChiKey=DWYRIWUZIJHQKQ-SANMLTNESA-N
Axitinib,Smiles=CNC(=O)c1ccccc1Sc2ccc3c(c2)[nH]nc3/C=C/c4ccccn4,InChiKey=RITAVMQDGBJQJZ-FMIVXFBMSA-N
Bafetinib,Smiles=Cc1ccc(cc1Nc2nccc(n2)c3cncnc3)NC(=O)c4ccc(c(c4)C(F)(F)F)CN5CC[C@@H](C5)N(C)C,InChiKey=ZGBAJMQHJDFTQJ-DEOSSOPVSA-N
Balamapimod,Smiles=Cn1ccnc1Sc2ccc(cc2Cl)Nc3c4cc(c(cc4ncc3C#N)N5CCC(CC5)N6CCCC6)OC,InChiKey=CVAKNHIXTWLGJO-UHFFFAOYSA-N
Barasertib,Smiles=CCN(CCCOc1ccc2c(c1)ncnc2Nc3cc(n[nH]3)CC(=O)Nc4cccc(c4)F)CCOP(=O)(O)O,InChiKey=GBJVVSCPOBPEIT-UHFFFAOYSA-N
Baricitinib,Smiles=CCS(=O)(=O)N1CC(C1)(CC#N)n2cc(cn2)c3c4cc[nH]c4ncn3,InChiKey=XUZMWHLSFXCVMG-UHFFFAOYSA-N
Bemcentinib,Smiles=c1ccc-2c(c1)CCCc3c2nnc(c3)n4c(nc(n4)Nc5ccc6c(c5)CC[C@H](CC6)N7CCCC7)N,InChiKey=KXMZDGSRSGHMMK-VWLOTQADSA-N
Bentamapimod,Smiles=N#CC(c1nc2ccccc2s1)c5nc(OCc3ccc(cc3)CN4CCOCC4)ncc5,InChiKey=XCPPIJCBCWUBNT-UHFFFAOYSA-N
Berzosertib,Smiles=CC(C)S(=O)(=O)c1ccc(cc1)c2cnc(c(n2)c3cc(no3)c4ccc(cc4)CNC)N,InChiKey=JZCWLJDSIRUGIN-UHFFFAOYSA-N
Bimiralisib,Smiles=c1c(c(c[nH]c1=N)c2nc(nc(n2)N3CCOCC3)N4CCOCC4)C(F)(F)F,InChiKey=ADGGYDAFIHSYFI-UHFFFAOYSA-N
Binimetinib,Smiles=Cn1cnc2c1cc(c(c2F)Nc3ccc(cc3F)Br)C(=O)NOCCO,InChiKey=ACWZRVQXLIRSDF-UHFFFAOYSA-N
Bosutinib,Smiles=CN1CCN(CC1)CCCOc2cc3c(cc2OC)c(c(cn3)C#N)Nc4cc(c(cc4Cl)Cl)OC,InChiKey=UBPYILGKFZZVDX-UHFFFAOYSA-N
Brigatinib,Smiles=CN1CCN(CC1)C2CCN(CC2)c3ccc(c(c3)OC)Nc4ncc(c(n4)Nc5ccccc5P(=O)(C)C)Cl,InChiKey=AILRADAXUVEEIR-UHFFFAOYSA-N
Brivanib,Smiles=Cc1cc2c([nH]1)ccc(c2F)Oc3c4c(c(cn4ncn3)OC[C@@H](C)O)C,InChiKey=WCWUXEGQKLTGDX-LLVKDONJSA-N
Buparlisib,Smiles=c1c(c(cnc1N)c2cc(nc(n2)N3CCOCC3)N4CCOCC4)C(F)(F)F,InChiKey=CWHUFRVAEUJCEF-UHFFFAOYSA-N
Cabozantinib,Smiles=COc1cc2c(ccnc2cc1OC)Oc3ccc(cc3)NC(=O)C4(CC4)C(=O)Nc5ccc(cc5)F,InChiKey=ONIQOQHATWINJY-UHFFFAOYSA-N
Canertinib,Smiles=C=CC(=O)Nc1cc2c(cc1OCCCN3CCOCC3)ncnc2Nc4ccc(c(c4)Cl)F,InChiKey=OMZCMEYTWSXEPZ-UHFFFAOYSA-N
Capivasertib,Smiles=c1cc(ccc1[C@H](CCO)NC(=O)C2(CCN(CC2)c3c4cc[nH]c4ncn3)N)Cl,InChiKey=JDUBGYFRJFOXQC-KRWDZBQOSA-N
Capmatinib,Smiles=CNC(=O)c1ccc(cc1F)c2cnc3ncc(n3n2)Cc4ccc5c(c4)cccn5,InChiKey=LIOLIMKSCNQPLV-UHFFFAOYSA-N
Cediranib,Smiles=Cc1cc2c([nH]1)ccc(c2F)Oc3c4cc(c(cc4ncn3)OCCCN5CCCC5)OC,InChiKey=XXJWYDDUDKYVKI-UHFFFAOYSA-N
Cenisertib,Smiles=Cc1cc(ccc1N2CCN(CC2)C)Nc3ncc(c(n3)N[C@@H]4[C@@H]5C[C@H]([C@@H]4C(=O)N)C=C5)F,InChiKey=KSOVGRCOLZZTPF-QMKUDKLTSA-N
Ceralasertib,Smiles=CC1COCCN1c2cc(nc(n2)c3cncc4c3cc[nH]4)C5(CC5)S(=N)(=O)C,InChiKey=DTTJKLNXNZAVSM-UHFFFAOYSA-N
Cerdulatinib,Smiles=CCS(=O)(=O)N1CCN(CC1)c2ccc(cc2)Nc3ncc(c(n3)NC4CC4)C(=O)N,InChiKey=BGLPECHZZQDNCD-UHFFFAOYSA-N
Ceritinib,Smiles=Cc1cc(c(cc1C2CCNCC2)OC(C)C)Nc3ncc(c(n3)Nc4ccccc4S(=O)(=O)C(C)C)Cl,InChiKey=VERWOWGGCGHDQE-UHFFFAOYSA-N
Cobimetinib,Smiles=c1c(cc(c(c1)Nc2c(c(ccc2C(=O)N3C[C@@](C3)(O)[C@H]4NCCCC4)F)F)F)I,InChiKey=BSMCAPRUBJMWDF-KRWDZBQOSA-N
Copanlisib,Smiles=COc1c(ccc2c1N=C(N3C2=NCC3)NC(=O)c4cnc(nc4)N)OCCCN5CCOCC5,InChiKey=PZBCKZWLPGJMAO-UHFFFAOYSA-N
Crenolanib,Smiles=CC1(COC1)COc2ccc3c(c2)ncn3c4ccc5cccc(c5n4)N6CCC(CC6)N,InChiKey=DYNHJHQFHQTFTP-UHFFFAOYSA-N
Crizotinib,Smiles=C[C@H](c1c(ccc(c1Cl)F)Cl)Oc2cc(cnc2N)c3cnn(c3)C4CCNCC4,InChiKey=KTEIFNKAUNYNJU-GFCCVEGCSA-N
Dabrafenib,Smiles=CC(C)(C)c1nc(c(s1)c2ccnc(n2)N)c3cccc(c3F)NS(=O)(=O)c4c(cccc4F)F,InChiKey=BFSMGDJOXZAERB-UHFFFAOYSA-N
Dacomitinib,Smiles=COc1cc2c(cc1NC(=O)/C=C/CN3CCCCC3)c(ncn2)Nc4ccc(c(c4)Cl)F,InChiKey=LVXJQMNHJWSHET-AATRIKPKSA-N
Dactolisib,Smiles=CC(C)(C#N)c1ccc(cc1)n2c3c4cc(ccc4ncc3n(c2=O)C)c5cc6ccccc6nc5,InChiKey=JOGKUKXHTYWRGZ-UHFFFAOYSA-N
Danusertib,Smiles=CN1CCN(CC1)c2ccc(cc2)C(=O)Nc3c4c([nH]n3)CN(C4)C(=O)[C@@H](c5ccccc5)OC,InChiKey=XKFTZKGMDDZMJI-HSZRJFAPSA-N
Dasatinib,Smiles=Cc1cccc(c1NC(=O)c2cnc(s2)Nc3cc(nc(n3)C)N4CCN(CC4)CCO)Cl,InChiKey=ZBNZXTGUTAYRHI-UHFFFAOYSA-N
Decernotinib,Smiles=CC[C@](C)(C(=O)NCC(F)(F)F)Nc1ccnc(n1)c2c[nH]c3c2cccn3,InChiKey=ASUGUQWIHMTFJL-QGZVFWFLSA-N
Defactinib,Smiles=CNC(=O)c1ccc(cc1)Nc2ncc(c(n2)NCc3c(nccn3)N(C)S(=O)(=O)C)C(F)(F)F,InChiKey=FWLMVFUGMHIOAA-UHFFFAOYSA-N
Derazantinib,Smiles=COCCNCCc1cccc(c1)Nc2ncc3c(n2)-c4ccccc4[C@@H](C3)c5ccccc5F,InChiKey=KPJDVVCDVBFRMU-AREMUKBSSA-N
Dezapelisib,Smiles=Cc1csc2n1c(=O)c(c(n2)[C@H](C)Nc3c4c([nH]cn4)ncn3)c5cccc(c5)F,InChiKey=RSIWALKZYXPAGW-NSHDSACASA-N
Dilmapimod,Smiles=Cc1cc(ccc1c2c3ccc(=O)n(c3nc(n2)NC(CO)CO)c4c(cccc4F)F)F,InChiKey=ORVNHOYNEHYKJG-UHFFFAOYSA-N
Dinaciclib,Smiles=CCc1cnn2c1nc(cc2NCc3ccc[n+](c3)[O-])N4CCCC[C@H]4CCO,InChiKey=PIMQWRZWLQKKBJ-SFHVURJKSA-N
Doramapimod,Smiles=Cc1ccc(cc1)n2c(cc(n2)C(C)(C)C)NC(=O)Nc3ccc(c4c3cccc4)OCCN5CCOCC5,InChiKey=MVCOAUNKQVWQHZ-UHFFFAOYSA-N
Dovitinib,Smiles=CN1CCN(CC1)c2ccc3c(c2)[nH]c(n3)c4c(c5c(cccc5F)[nH]c4=O)N,InChiKey=PIQCTGMSNWUMAF-UHFFFAOYSA-N
Duvelisib,Smiles=C[C@@H](c1cc2cccc(c2c(=O)n1c3ccccc3)Cl)Nc4c5c([nH]cn5)ncn4,InChiKey=SJVQHLPISAIATJ-ZDUSSCGKSA-N
Encorafenib,Smiles=C[C@@H](CNc1nccc(n1)c2cn(nc2c3cc(cc(c3F)NS(=O)(=O)C)Cl)C(C)C)NC(=O)OC,InChiKey=CMJCXYNUCSMDBY-ZDUSSCGKSA-N
Ensartinib,Smiles=C[C@@H]1CN(C[C@@H](N1)C)C(=O)c2ccc(cc2)NC(=O)c3cc(c(nn3)N)O[C@H](C)c4c(ccc(c4Cl)F)Cl,InChiKey=GLYMPHUVMRFTFV-QLFBSQMISA-N
Entospletinib,Smiles=c1cc(ccc1Nc2c3nccn3cc(n2)c4ccc5cn[nH]c5c4)N6CCOCC6,InChiKey=XSMSNFMDVXXHGJ-UHFFFAOYSA-N
Entrectinib,Smiles=CN1CCN(CC1)c2ccc(c(c2)NC3CCOCC3)C(=O)Nc4c5cc(ccc5[nH]n4)Cc6cc(cc(c6)F)F,InChiKey=HAYYBYPASCDWEQ-UHFFFAOYSA-N
Enzastaurin,Smiles=Cn1cc(c2c1cccc2)C3=C(C(=O)NC3=O)c4cn(c5c4cccc5)C6CCN(CC6)Cc7ccccn7,InChiKey=AXRCEOKUDYDWLF-UHFFFAOYSA-N
Erdafitinib,Smiles=CC(C)NCCN(c1ccc2c(c1)nc(cn2)c3cnn(c3)C)c4cc(cc(c4)OC)OC,InChiKey=OLAHOMJCDNXHFI-UHFFFAOYSA-N
Erlotinib,Smiles=COCCOc1cc2c(cc1OCCOC)ncnc2Nc3cccc(c3)C#C,InChiKey=AAKJLRGGTJKAMG-UHFFFAOYSA-N
Evobrutinib,Smiles=C=CC(=O)N1CCC(CC1)CNc2c(c(ncn2)N)c3ccc(cc3)Oc4ccccc4,InChiKey=QUIWHXQETADMGN-UHFFFAOYSA-N
Famitinib,Smiles=CCN(CC)CCN1CCc2c(c(c([nH]2)/C=C\3/c4cc(ccc4NC3=O)F)C)C1=O,InChiKey=GKEYKDOLBLYGRB-LGMDPLHJSA-N
Fasudil,Smiles=c1cc2cnccc2c(c1)S(=O)(=O)N3CCCNCC3,InChiKey=NGOGFTYYXHNFQH-UHFFFAOYSA-N
Fedratinib,Smiles=Cc1cnc(nc1Nc2cccc(c2)S(=O)(=O)NC(C)(C)C)Nc3ccc(cc3)OCCN4CCCC4,InChiKey=JOOXLOJCABQBSG-UHFFFAOYSA-N
Filgotinib,Smiles=c1cc(n2c(c1)nc(n2)NC(=O)C3CC3)c4ccc(cc4)CN5CCS(=O)(=O)CC5,InChiKey=RIJLVEAXPNLDTC-UHFFFAOYSA-N
Flumatinib,Smiles=Cc1c(cc(cn1)NC(=O)c2ccc(c(c2)C(F)(F)F)CN3CCN(CC3)C)Nc4nccc(n4)c5cccnc5,InChiKey=BJCJYEYYYGBROF-UHFFFAOYSA-N
Foretinib,Smiles=COc1cc2c(ccnc2cc1OCCCN3CCOCC3)Oc4ccc(cc4F)NC(=O)C5(CC5)C(=O)Nc6ccc(cc6)F,InChiKey=CXQHYVUVSFXTMY-UHFFFAOYSA-N
Fostamatinib,Smiles=CC1(C(=O)N(c2c(ccc(n2)Nc3c(cnc(n3)Nc4cc(c(c(c4)OC)OC)OC)F)O1)COP(=O)(O)O)C,InChiKey=GKDRMWXFWHEQQT-UHFFFAOYSA-N
Fruquintinib,Smiles=Cc1c(c2ccc(cc2o1)Oc3c4cc(c(cc4ncn3)OC)OC)C(=O)NC,InChiKey=BALLNEJQLSTPIO-UHFFFAOYSA-N
Galunisertib,Smiles=Cc1cccc(n1)c2c(c3n(n2)CCC3)c4ccnc5c4cc(cc5)C(=O)N,InChiKey=IVRXNBXKWIJUQB-UHFFFAOYSA-N
Gandotinib,Smiles=Cc1cc(n[nH]1)Nc2cc(c3nc(c(n3n2)Cc4ccc(cc4F)Cl)C)CN5CCOCC5,InChiKey=SQSZANZGUXWJEA-UHFFFAOYSA-N
Gedatolisib,Smiles=CN(C)C1CCN(CC1)C(=O)c2ccc(cc2)NC(=O)Nc3ccc(cc3)c4nc(nc(n4)N5CCOCC5)N6CCOCC6,InChiKey=DWZAEMINVBZMHQ-UHFFFAOYSA-N
Gefitinib,Smiles=COc1cc2c(cc1OCCCN3CCOCC3)c(ncn2)Nc4ccc(c(c4)Cl)F,InChiKey=XGALLCVXEZPNRQ-UHFFFAOYSA-N
Gilteritinib,Smiles=CCc1c(nc(c(n1)C(=O)N)Nc2ccc(c(c2)OC)N3CCC(CC3)N4CCN(CC4)C)NC5CCOCC5,InChiKey=GYQYAJJFPNQOOW-UHFFFAOYSA-N
Glesatinib,Smiles=COCCNCc1ccc(nc1)c2cc3c(s2)c(ccn3)Oc4ccc(cc4F)NC(=S)NC(=O)Cc5ccc(cc5)F,InChiKey=YRCHYHRCBXNYNU-UHFFFAOYSA-N
Golvatinib,Smiles=CN1CCN(CC1)C2CCN(CC2)C(=O)Nc3cc(ccn3)Oc4ccc(c(c4)F)NC(=O)C5(CC5)C(=O)Nc6ccc(cc6)F,InChiKey=UQRCJCNVNUFYDX-UHFFFAOYSA-N
Henatinib,Smiles=Cc1c([nH]c2c1C(=O)N(CCC2)C[C@@H](CN3CCOCC3)O)/C=C\4/c5cc(ccc5NC4=O)F,InChiKey=MCTXSDCWFQAGFS-UEXNTNOUSA-N
Ibrutinib,Smiles=C=CC(=O)N1CCC[C@H](C1)n2c3c(c(n2)c4ccc(cc4)Oc5ccccc5)c(ncn3)N,InChiKey=XYFPWWZEPKGCCK-GOSISDBHSA-N
Icotinib,Smiles=C#Cc1cccc(c1)Nc2c3cc4c(cc3ncn2)OCCOCCOCCO4,InChiKey=QQLKULDARVNMAL-UHFFFAOYSA-N
Idelalisib,Smiles=CC[C@@H](c1nc2cccc(c2c(=O)n1c3ccccc3)F)Nc4c5c([nH]cn5)ncn4,InChiKey=IFSDAJWBUCMOAH-HNNXBMFYSA-N
Ilorasertib,Smiles=c1cc(cc(c1)F)NC(=O)Nc2ccc(cc2)c3csc4c3c(ncc4c5cnn(c5)CCO)N,InChiKey=WPHKIQPVPYJNAX-UHFFFAOYSA-N
Imatinib,Smiles=Cc1ccc(cc1Nc2nccc(n2)c3cccnc3)NC(=O)c4ccc(cc4)CN5CCN(CC5)C,InChiKey=KTUFNOKKBVMGRW-UHFFFAOYSA-N
Infigratinib,Smiles=CCN1CCN(CC1)c2ccc(cc2)Nc3cc(ncn3)N(C)C(=O)Nc4c(c(cc(c4Cl)OC)OC)Cl,InChiKey=QADPYRIHXKWUSV-UHFFFAOYSA-N
Ipatasertib,Smiles=C[C@@H]1C[C@H](c2c1c(ncn2)N3CCN(CC3)C(=O)[C@H](CNC(C)C)c4ccc(cc4)Cl)O,InChiKey=GRZXWCHAXNAUHY-NSISKUIASA-N
Itacitinib,Smiles=c1cnc-2[nH]cnc(c12)c3cnn(c3)C4(CN(C4)C5CCN(CC5)C(=O)c6ccnc(c6F)C(F)(F)F)CC#N,InChiKey=KTBSXLIQKWEBRB-UHFFFAOYSA-N
Lapatinib,Smiles=CS(=O)(=O)CCNCc1ccc(o1)c2ccc3c(c2)c(ncn3)Nc4ccc(c(c4)Cl)OCc5cccc(c5)F,InChiKey=BCFGMOOMADDAQU-UHFFFAOYSA-N
Larotrectinib,Smiles=c1cc(c(cc1F)[C@H]2CCCN2c3ccn4c(n3)c(cn4)NC(=O)N5CC[C@@H](C5)O)F,InChiKey=NYNZQNWKBKUAII-KBXCAEBGSA-N
Lazertinib,Smiles=CN(C)Cc1cn(nc1c2ccccc2)c3ccnc(n3)Nc4cc(c(cc4OC)N5CCOCC5)NC(=O)C=C,InChiKey=RRMJMHOQSALEJJ-UHFFFAOYSA-N
Leniolisib,Smiles=CCC(=O)N1CC[C@@H](C1)Nc2c3c(ncn2)CCN(C3)c4cc(c(nc4)OC)C(F)(F)F,InChiKey=MWKYMZXCGYXLPL-ZDUSSCGKSA-N
Lenvatinib,Smiles=COc1cc2c(cc1C(=O)N)c(ccn2)Oc3ccc(c(c3)Cl)NC(=O)NC4CC4,InChiKey=WOSKHXYHFSIKNG-UHFFFAOYSA-N
Lestaurtinib,Smiles=C[C@@]12[C@](C[C@@H](O1)n3c4ccccc4c5c3c6n2c7ccccc7c6c8c5C(=O)NC8)(CO)O,InChiKey=UIARLYUEJFELEN-LROUJFHJSA-N
Linifanib,Smiles=Cc1ccc(c(c1)NC(=O)Nc2ccc(cc2)c3cccc4c3c(n[nH]4)N)F,InChiKey=MPVGZUGXCQEXTM-UHFFFAOYSA-N
Linsitinib,Smiles=C[C@]1(C[C@@H](C1)c2n3c(c(ncc3)N)c(n2)c4cc5nc(ccc5cc4)c6ccccc6)O,InChiKey=PKCDDUHJAFVJJB-VLZXCDOPSA-N
Lorlatinib,Smiles=C[C@@H]1c2cc(ccc2C(=O)N(Cc3c(c(n(n3)C)C#N)-c4cc(c(nc4)N)O1)C)F,InChiKey=IIXWYSCJSQVBQM-LLVKDONJSA-N
Losmapimod,Smiles=Cc1c(cc(cc1F)C(=O)NC2CC2)c3ccc(cn3)C(=O)NCC(C)(C)C,InChiKey=KKYABQBFGDZVNQ-UHFFFAOYSA-N
Lucitanib,Smiles=CNC(=O)c1cccc2c1ccc(c2)Oc3ccnc4c3cc(c(c4)OCC5(CC5)N)OC,InChiKey=CUDVHEFYRIWYQD-UHFFFAOYSA-N
Masitinib,Smiles=Cc1ccc(cc1Nc2nc(cs2)c3cccnc3)NC(=O)c4ccc(cc4)CN5CCN(CC5)C,InChiKey=WJEOLQLKVOPQFV-UHFFFAOYSA-N
Mavelertinib,Smiles=Cn1cc(c(n1)OC)Nc2c3c(nc(n2)N4C[C@H]([C@@H](C4)F)NC(=O)C=C)n(cn3)C,InChiKey=JYIUNVOCEFIUIU-GHMZBOCLSA-N
Merestinib,Smiles=Cc1ccc(c(=O)n1c2ccc(cc2)F)C(=O)Nc3ccc(c(c3)F)Oc4cc5cnn(c5cc4c6c[nH]nc6)C,InChiKey=QHADVLVFMKEIIP-UHFFFAOYSA-N
Midostaurin,Smiles=C[C@@]12[C@@H]([C@@H](C[C@@H](O1)n3c4ccccc4c5c3c6n2c7ccccc7c6c8c5C(=O)NC8)N(C)C(=O)c9ccccc9)OC,InChiKey=BMGQWWVMWDBQGC-IIFHNQTCSA-N
Milciclib,Smiles=CC1(Cc2cnc(nc2-c3c1c(nn3C)C(=O)NC)Nc4ccc(cc4)N5CCN(CC5)C)C,InChiKey=RXZMYLDMFYNEIM-UHFFFAOYSA-N
Momelotinib,Smiles=c1cc(ccc1c2ccnc(n2)Nc3ccc(cc3)N4CCOCC4)C(=O)NCC#N,InChiKey=ZVHNDZWQTBEVRY-UHFFFAOYSA-N
Motesanib,Smiles=CC1(CNc2c1ccc(c2)NC(=O)c3cccnc3NCc4ccncc4)C,InChiKey=RAHBGWKEPAQNFF-UHFFFAOYSA-N
Mubritinib,Smiles=c1cc(ccc1CCCCn2ccnn2)OCc3coc(n3)/C=C/c4ccc(cc4)C(F)(F)F,InChiKey=ZTFBIUXIQYRUNT-MDWZMJQESA-N
Naquotinib,Smiles=CCc1c(nc(c(n1)C(=O)N)Nc2ccc(cc2)N3CCC(CC3)N4CCN(CC4)C)O[C@@H]5CCN(C5)C(=O)C=C,InChiKey=QKDCLUARMDUUKN-XMMPIXPASA-N
Nazartinib,Smiles=Cc1cc(ccn1)C(=O)Nc2nc3cccc(c3n2[C@@H]4CCCCN(C4)C(=O)/C=C/CN(C)C)Cl,InChiKey=IOMMMLWIABWRKL-WUTDNEBXSA-N
Neflamapimod,Smiles=c1cc(c(c(c1)Cl)c2c3ccc(nn3cnc2=O)Sc4ccc(cc4F)F)Cl,InChiKey=VEPKQEUBKLEPRA-UHFFFAOYSA-N
Nemiralisib,Smiles=CC(C)N1CCN(CC1)Cc2cnc(o2)c3cc(cc4c3cn[nH]4)c5cccc6c5cc[nH]6,InChiKey=MCIDWGZGWVSZMK-UHFFFAOYSA-N
Neratinib,Smiles=CCOc1cc2c(cc1NC(=O)/C=C/CN(C)C)c(c(cn2)C#N)Nc3ccc(c(c3)Cl)OCc4ccccn4,InChiKey=JWNPDZNEKVCWMY-VQHVLOKHSA-N
Netarsudil,Smiles=Cc1ccc(c(c1)C)C(=O)OCc2ccc(cc2)[C@@H](CN)C(=O)Nc3ccc4cnccc4c3,InChiKey=OURRXQUGYQRVML-AREMUKBSSA-N
Nilotinib,Smiles=Cc1ccc(cc1Nc2nccc(n2)c3cccnc3)C(=O)Nc4cc(cc(c4)n5cc(nc5)C)C(F)(F)F,InChiKey=HHZIURLSWUIHRB-UHFFFAOYSA-N
Ningetinib,Smiles=Cc1c(c(=O)n(n1C)c2ccccc2)C(=O)Nc3ccc(c(c3)F)Oc4ccnc5c4ccc(c5)OCC(C)(C)O,InChiKey=VQYYQSZNRVQLIS-UHFFFAOYSA-N
Nintedanib,Smiles=CN1CCN(CC1)CC(=O)N(C)c2ccc(cc2)N/C(=C\3/c4ccc(cc4NC3=O)C(=O)OC)/c5ccccc5,InChiKey=XZXHXSATPCNXJR-ZIADKAODSA-N
Oclacitinib,Smiles=CNS(=O)(=O)C[C@H]1CC[C@@H](CC1)N(c2ncnc3c2cc[nH]3)C,InChiKey=HJWLJNBZVZDLAQ-HAQNSBGRSA-N
Olmutinib,Smiles=CN1CCN(CC1)c2ccc(cc2)Nc3nc4ccsc4c(n3)Oc5cccc(c5)NC(=O)C=C,InChiKey=FDMQDKQUTRLUBU-UHFFFAOYSA-N
Omipalisib,Smiles=COc1c(cc(cn1)c2ccc3c(c2)c(ccn3)c4ccnnc4)NS(=O)(=O)c5ccc(cc5F)F,InChiKey=CGBJSGAELGCMKE-UHFFFAOYSA-N
Orantinib,Smiles=Cc1c(c([nH]c1/C=C\2/c3ccccc3NC2=O)C)CCC(=O)O,InChiKey=NHFDRBXTEDBWCZ-ZROIWOOFSA-N
Osimertinib,Smiles=Cn1cc(c2c1cccc2)c3ccnc(n3)Nc4cc(c(cc4OC)N(C)CCN(C)C)NC(=O)C=C,InChiKey=DUYJMQONPNNFPI-UHFFFAOYSA-N
Pacritinib,Smiles=c1cc2cc(c1)-c3ccnc(n3)Nc4ccc(c(c4)COC/C=C/COC2)OCCN5CCCC5,InChiKey=HWXVIOGONBBTBY-ONEGZZNKSA-N
Palbociclib,Smiles=Cc1c2cnc(nc2n(c(=O)c1C(=O)C)C3CCCC3)Nc4ccc(cn4)N5CCNCC5,InChiKey=AHJRHEGDXFFMBM-UHFFFAOYSA-N
Pamapimod,Smiles=Cn1c2c(cc(c1=O)Oc3ccc(cc3F)F)cnc(n2)NC(CCO)CCO,InChiKey=JYYLVUFNAHSSFE-UHFFFAOYSA-N
Panulisib,Smiles=CC(C)(C#N)c1ccc(cn1)n2c3c4cc(ccc4ncc3n(c2=NC#N)C)c5cc(c(nc5)N)C(F)(F)F,InChiKey=VJLRLTSXTLICIR-UHFFFAOYSA-N
Parsaclisib,Smiles=CCOc1c(cc(c(c1[C@H]2CC(=O)NC2)F)Cl)[C@H](C)n3c4c(c(n3)C)c(ncn4)N,InChiKey=ZQPDJCIXJHUERQ-QWRGUYRKSA-N
Pazopanib,Smiles=Cc1ccc(cc1S(=O)(=O)N)Nc2nccc(n2)N(C)c3ccc4c(n(nc4c3)C)C,InChiKey=CUIHSIWYWATEQL-UHFFFAOYSA-N
Peficitinib,Smiles=c1c[nH]c2c1c(c(cn2)C(=O)N)N[C@@H]3[C@@H]4C[C@@H]5C[C@H]3C[C@@](C5)(C4)O,InChiKey=DREIJXJRTLTGJC-ZKVNVPQCSA-N
Pelitinib,Smiles=CCOc1cc2c(cc1NC(=O)/C=C/CN(C)C)c(c(cn2)C#N)Nc3ccc(c(c3)Cl)F,InChiKey=WVUNYSQLFKLYNI-AATRIKPKSA-N
Pexidartinib,Smiles=c1cc(ncc1Cc2c[nH]c3c2cc(cn3)Cl)NCc4ccc(nc4)C(F)(F)F,InChiKey=JGWRKYUXBBNENE-UHFFFAOYSA-N
Pexmetinib,Smiles=Cc1ccc(cc1)n2c(cc(n2)C(C)(C)C)NC(=O)NCc3cc(ccc3Oc4ccc5c(c4)cnn5CCO)F,InChiKey=LNMRSSIMGCDUTP-UHFFFAOYSA-N
Pictilisib,Smiles=CS(=O)(=O)N1CCN(CC1)Cc2cc3c(s2)c(nc(n3)c4cccc5c4cn[nH]5)N6CCOCC6,InChiKey=LHNIIDJUOCFXAP-UHFFFAOYSA-N
Pilaralisib,Smiles=CC(C)(C(=O)Nc1cccc(c1)S(=O)(=O)Nc2c(nc3ccccc3n2)Nc4cc(ccc4Cl)OC)N,InChiKey=QINPEPAQOBZPOF-UHFFFAOYSA-N
Pimasertib,Smiles=c1cc(c(cc1I)F)Nc2cnccc2C(=O)NC[C@@H](CO)O,InChiKey=VIUAUNHCRHHYNE-JTQLQIEISA-N
Ponatinib,Smiles=Cc1ccc(cc1C#Cc2cnc3n2nccc3)C(=O)Nc4ccc(c(c4)C(F)(F)F)CN5CCN(CC5)C,InChiKey=PHXJVRSECIGDHY-UHFFFAOYSA-N
Poziotinib,Smiles=COc1cc2c(cc1OC3CCN(CC3)C(=O)C=C)c(ncn2)Nc4ccc(c(c4F)Cl)Cl,InChiKey=LPFWVDIFUFFKJU-UHFFFAOYSA-N
Pralsetinib,Smiles=Cc1[nH]nc(c1)Nc2nc(nc(c2)C)[C@H]3CC[C@@](CC3)(OC)C(=O)N[C@H](c4cnc(cc4)n5ncc(c5)F)C,InChiKey=GBLBJPZSROAGMF-BATDWUPUSA-N
Prexasertib,Smiles=COc1cccc(c1c2cc(n[nH]2)Nc3cnc(cn3)C#N)OCCCN,InChiKey=DOTGPNHGTYJDEP-UHFFFAOYSA-N
Pyrotinib,Smiles=CCOc1cc2c(cc1NC(=O)/C=C/[C@H]3CCCN3C)c(c(cn2)C#N)Nc4ccc(c(c4)Cl)OCc5ccccn5,InChiKey=SADXACCFNXBCFY-IYNHSRRRSA-N
Quizartinib,Smiles=CC(C)(C)c1cc(no1)NC(=O)Nc2ccc(cc2)c3cn4c5ccc(cc5sc4n3)OCCN6CCOCC6,InChiKey=CVWXJKQAOSCOAB-UHFFFAOYSA-N
Rabusertib,Smiles=Cc1cc(c(cc1Br)NC(=O)Nc2cnc(cn2)C)OC[C@@H]3CNCCO3,InChiKey=SYYBDNPGDKKJDU-ZDUSSCGKSA-N
Radotinib,Smiles=Cc1ccc(cc1Nc2nccc(n2)c3cnccn3)C(=O)Nc4cc(cc(c4)n5cc(nc5)C)C(F)(F)F,InChiKey=DUPWHXBITIZIKZ-UHFFFAOYSA-N
Ralimetinib,Smiles=CC(C)(C)Cn1c2c(ccc(n2)c3c(nc([nH]3)C(C)(C)C)c4ccc(cc4)F)nc1N,InChiKey=XPPBBJCBDOEXDN-UHFFFAOYSA-N
Ravoxertinib,Smiles=Cn1c(ccn1)Nc2nccc(n2)c3ccn(c(=O)c3)[C@H](CO)c4ccc(c(c4)F)Cl,InChiKey=RZUOCXOYPYGSKL-GOSISDBHSA-N
Rebastinib,Smiles=CC(C)(C)c1cc(n(n1)c2ccc3c(c2)cccn3)NC(=O)Nc4ccc(cc4F)Oc5ccnc(c5)C(=O)NC,InChiKey=WVXNSAVVKYZVOE-UHFFFAOYSA-N
Recilisib,Smiles=c1cc(ccc1CS(=O)(=O)/C=C/c2ccc(cc2)C(=O)O)Cl,InChiKey=KBEKQQJUNVQLDZ-MDZDMXLPSA-N
Refametinib,Smiles=COc1cc(c(c(c1NS(=O)(=O)C2(CC2)C[C@@H](CO)O)Nc3ccc(cc3F)I)F)F,InChiKey=RDSACQWTXKSHJT-NSHDSACASA-N
Regorafenib,Smiles=CNC(=O)c1cc(ccn1)Oc2ccc(c(c2)F)NC(=O)Nc3ccc(c(c3)C(F)(F)F)Cl,InChiKey=FNHKPVJBJVTLMP-UHFFFAOYSA-N
Ribociclib,Smiles=CN(C)C(=O)c1cc2cnc(nc2n1C3CCCC3)Nc4ccc(cn4)N5CCNCC5,InChiKey=RHXHGRAEPCAFML-UHFFFAOYSA-N
Rigosertib,Smiles=COc1ccc(cc1NCC(=O)O)CS(=O)(=O)/C=C/c2c(cc(cc2OC)OC)OC,InChiKey=OWBFCJROIKNMGD-BQYQJAHWSA-N
Ripasudil,Smiles=C[C@H]1CNCCCN1S(=O)(=O)c2cccc3c2c(cnc3)F,InChiKey=QSKQVZWVLOIIEV-NSHDSACASA-N
Ripretinib,Smiles=CCn1c2cc(ncc2cc(c1=O)c3cc(c(cc3Br)F)NC(=O)Nc4ccccc4)NC,InChiKey=CEFJVGZHQAGLHS-UHFFFAOYSA-N
Riviciclib,Smiles=CN1CC[C@H]([C@@H]1CO)c2c(cc(c3c2oc(cc3=O)c4ccccc4Cl)O)O,InChiKey=QLUYMIVVAYRECT-OCCSQVGLSA-N
Rivoceranib,Smiles=CS(=O)(=O)O.c1cc(c(nc1)NCc2ccncc2)C(=O)Nc3ccc(cc3)C4(CCCC4)C#N,InChiKey=FYJROXRIVQPKRY-UHFFFAOYSA-N
Rociletinib,Smiles=CC(=O)N1CCN(CC1)c2ccc(c(c2)OC)Nc3ncc(c(n3)Nc4cccc(c4)NC(=O)C=C)C(F)(F)F,InChiKey=HUFOZJXAKZVRNJ-UHFFFAOYSA-N
Rogaratinib,Smiles=Cc1cc2cc(sc2c(c1)OC)c3c(c(n4c3c(ncn4)N)CN5CCNC(=O)C5)COC,InChiKey=HNLRRJSKGXOYNO-UHFFFAOYSA-N
Roniciclib,Smiles=C[C@H]([C@@H](C)Oc1c(cnc(n1)Nc2ccc(cc2)[S@](=N)(=O)C3CC3)C(F)(F)F)O,InChiKey=UELYDGOOJPRWGF-SRQXXRKNSA-N
Ruboxistaurin,Smiles=CN(C)C[C@@H]1CCn2cc(c3c2cccc3)C4=C(c5cn(c6c5cccc6)CCO1)C(=O)NC4=O,InChiKey=ZCBUQCWBWNUWSU-SFHVURJKSA-N
Ruxolitinib,Smiles=c1c[nH]c2c1c(ncn2)c3cnn(c3)[C@H](CC#N)C4CCCC4,InChiKey=HFNKQEVNSGCOJV-OAHLLOKOSA-N
Samotolisib,Smiles=C[C@@H](Cn1c2c3cc(ccc3ncc2n(c1=O)C)c4cc(cnc4)C(C)(C)O)OC,InChiKey=ACCFLVVUVBJNGT-AWEZNQCLSA-N
Sapanisertib,Smiles=CC(C)n1c2c(c(n1)c3ccc4c(c3)nc(o4)N)c(ncn2)N,InChiKey=GYLDXIAOMVERTK-UHFFFAOYSA-N
Sapitinib,Smiles=CNC(=O)CN1CCC(CC1)Oc2cc3c(cc2OC)ncnc3Nc4cccc(c4F)Cl,InChiKey=DFJSJLGUIXFDJP-UHFFFAOYSA-N
Saracatinib,Smiles=CN1CCN(CC1)CCOc2cc3c(c(c2)OC4CCOCC4)c(ncn3)Nc5c(ccc6c5OCO6)Cl,InChiKey=OUKYUETWWIPKQR-UHFFFAOYSA-N
Savolitinib,Smiles=C[C@@H](c1ccc2nccn2c1)n3c4c(ncc(n4)c5cnn(c5)C)nn3,InChiKey=XYDNMOZJKOGZLS-NSHDSACASA-N
Selatinib,Smiles=CS(=O)CCNCc1ccc(o1)c2ccc3c(c2)c(ncn3)Nc4ccc(c(c4)Cl)OCc5cccc(c5)F,InChiKey=OAMVGUFHZPRXOM-UHFFFAOYSA-N
Seliciclib,Smiles=CC[C@H](CO)Nc1nc(NCc2ccccc2)c3ncn(C(C)C)c3n1,InChiKey=BTIHMVBBUGXLCJ-OAHLLOKOSA-N
Selonsertib,Smiles=Cc1cc(c(cc1n2cc(nc2)C3CC3)C(=O)Nc4cccc(n4)c5nncn5C(C)C)F,InChiKey=YIDDLAAKOYYGJG-UHFFFAOYSA-N
Selumetinib,Smiles=Cn1cnc2c1cc(c(c2F)Nc3ccc(cc3Cl)Br)C(=O)NOCCO,InChiKey=CYOHGALHFOKKQC-UHFFFAOYSA-N
Semaxanib,Smiles=Cc1cc([nH]c1/C=C\2/c3ccccc3NC2=O)C,InChiKey=WUWDLXZGHZSWQZ-WQLSENKSSA-N
Silmitasertib,Smiles=c1cc(cc(c1)Cl)Nc2c3ccncc3c4ccc(cc4n2)C(=O)O,InChiKey=MUOKSQABCJCOPU-UHFFFAOYSA-N
Simotinib,Smiles=COc1cc2c(cc1OCCN3CC4(CC4)C5(C3)OCCO5)c(ncn2)Nc6ccc(c(c6)Cl)F,InChiKey=OXWUWXCJDBRCCG-UHFFFAOYSA-N
Sitravatinib,Smiles=COCCNCc1ccc(nc1)c2cc3c(s2)c(ccn3)Oc4ccc(cc4F)NC(=O)C5(CC5)C(=O)Nc6ccc(cc6)F,InChiKey=WLAVZAAODLTUSW-UHFFFAOYSA-N
Solcitinib,Smiles=CC1(CN(C1)C(=O)c2ccc(cc2)c3cccc4n3nc(n4)NC(=O)C5CC5)C,InChiKey=MPYACSQFXVMWNO-UHFFFAOYSA-N
Sonolisib,Smiles=CC(=O)O[C@@H]1C[C@]2([C@@H](CCC2=O)C3=C1[C@]4([C@H](OC(=O)/C(=C/N(CC=C)CC=C)/C4=C(C3=O)O)COC)C)C,InChiKey=QIUASFSNWYMDFS-NILGECQDSA-N
Sorafenib,Smiles=CNC(=O)c1cc(ccn1)Oc2ccc(cc2)NC(=O)Nc3ccc(c(c3)C(F)(F)F)Cl,InChiKey=MLDQJTXFUGDVEO-UHFFFAOYSA-N
Sotrastaurin,Smiles=CN1CCN(CC1)c2nc3ccccc3c(n2)C4=C(C(=O)NC4=O)c5c[nH]c6c5cccc6,InChiKey=OAVGBZOFDPFGPJ-UHFFFAOYSA-N
Spebrutinib,Smiles=COCCOc1ccc(cc1)Nc2ncc(c(n2)Nc3cccc(c3)NC(=O)C=C)F,InChiKey=KXBDTLQSDKGAEB-UHFFFAOYSA-N
Sunitinib,Smiles=CCN(CC)CCNC(=O)c1c(c([nH]c1C)/C=C\2/c3cc(ccc3NC2=O)F)C,InChiKey=WINHZLLDWRZWRT-ATVHPVEESA-N
Tafetinib,Smiles=CCN(CC)CCNC(=O)c1c([nH]c\2c1CCC/C2=C/3\c4cc(ccc4NC3=O)F)C,InChiKey=KGSRYTUWXUESJK-FXBPSFAMSA-N
Talmapimod,Smiles=C[C@@H]1CN([C@H](CN1C(=O)c2cc3c(cc2Cl)n(cc3C(=O)C(=O)N(C)C)C)C)Cc4ccc(cc4)F,InChiKey=ZMELOYOKMZBMRB-DLBZAZTESA-N
Tamatinib,Smiles=CC1(C(=O)Nc2c(ccc(n2)Nc3c(cnc(n3)Nc4cc(c(c(c4)OC)OC)OC)F)O1)C,InChiKey=NHHQJBCNYHBUSI-UHFFFAOYSA-N
Tandutinib,Smiles=CC(C)Oc1ccc(cc1)NC(=O)N2CCN(CC2)c3c4cc(c(cc4ncn3)OCCCN5CCCCC5)OC,InChiKey=UXXQOJXBIDBUAC-UHFFFAOYSA-N
Tanzisertib,Smiles=c1c(c(c(cc1F)F)Nc2n(c3nc(ncc3n2)N[C@H]4CC[C@@H](CC4)O)[C@@H]5COCC5)F,InChiKey=IBGLGMOPHJQDJB-IHRRRGAJSA-N
Tarloxotinib,Smiles=Cn1cnc(c1C[N+](C)(C)C/C=C/C(=O)Nc2cc3c(cn2)ncnc3Nc4ccc(c(c4)Br)Cl)[N+](=O)[O-].[Br-],InChiKey=WAKIMVYUBWMMHJ-FXRZFVDSSA-N
Taselisib,Smiles=Cc1nc(n(n1)C(C)C)c2cn3c(n2)-c4ccc(cc4OCC3)c5cnn(c5)C(C)(C)C(=O)N,InChiKey=BEUQXVWXFDOSAQ-UHFFFAOYSA-N
Telatinib,Smiles=CNC(=O)c1cc(ccn1)COc2c3c(cco3)c(nn2)Nc4ccc(cc4)Cl,InChiKey=QFCXANHHBCGMAS-UHFFFAOYSA-N
Tepotinib,Smiles=CN1CCC(CC1)COc2cnc(nc2)c3cccc(c3)Cn4c(=O)ccc(n4)c5cccc(c5)C#N,InChiKey=AHYMHWXQRWRBKT-UHFFFAOYSA-N
Tesevatinib,Smiles=CN1C[C@H]2C[C@H](C[C@H]2C1)COc3cc4c(cc3OC)c(ncn4)Nc5ccc(c(c5F)Cl)Cl,InChiKey=HVXKQKFEHMGHSL-QKDCVEJESA-N
Tivantinib,Smiles=c1ccc2c(c1)c(c[nH]2)[C@H]3[C@@H](C(=O)NC3=O)c4cn5c6c4cccc6CCC5,InChiKey=UCEQXRCJXIVODC-PMACEKPBSA-N
Tivozanib,Smiles=Cc1cc(no1)NC(=O)Nc2ccc(cc2Cl)Oc3ccnc4c3cc(c(c4)OC)OC,InChiKey=SPMVMDHWKHCIDT-UHFFFAOYSA-N
Toceranib,Smiles=Cc1c([nH]c(c1C(=O)NCCN2CCCC2)C)/C=C\3/c4cc(ccc4NC3=O)F,InChiKey=SRSGVKWWVXWSJT-ATVHPVEESA-N
Tofacitinib,Smiles=C[C@@H]1CCN(C[C@@H]1N(C)c2c3cc[nH]c3ncn2)C(=O)CC#N,InChiKey=UJLAWZDWDVHWOW-YPMHNXCESA-N
Tomivosertib,Smiles=Cc1cc(c(=O)n2c1C(=O)NC23CCCCC3)Nc4cc(ncn4)N,InChiKey=HKTBYUWLRDZAJK-UHFFFAOYSA-N
Tozasertib,Smiles=Cc1cc(n[nH]1)Nc2cc(nc(n2)Sc3ccc(cc3)NC(=O)C4CC4)N5CCN(CC5)C,InChiKey=GCIKSSRWRFVXBI-UHFFFAOYSA-N
Trametinib,Smiles=Cc1c2c(c(n(c1=O)C)Nc3ccc(cc3F)I)c(=O)n(c(=O)n2c4cccc(c4)NC(=O)C)C5CC5,InChiKey=LIRYPHYGHXZJBZ-UHFFFAOYSA-N
Trilaciclib,Smiles=CN1CCN(CC1)c2ccc(nc2)Nc3ncc4cc5n(c4n3)C6(CCCCC6)CNC5=O,InChiKey=PDGKHKMBHVFCMG-UHFFFAOYSA-N
Tucatinib,Smiles=Cc1cc(ccc1Oc2ccn3c(c2)ncn3)Nc4c5cc(ccc5ncn4)NC6=NC(CO6)(C)C,InChiKey=SDEAXTCZPQIFQM-UHFFFAOYSA-N
Ulixertinib,Smiles=CC(C)Nc1cc(c(cn1)Cl)c2cc([nH]c2)C(=O)N[C@H](CO)c3cccc(c3)Cl,InChiKey=KSERXGMCDHOLSS-LJQANCHMSA-N
Umbralisib,Smiles=C[C@@H](c1c(c(=O)c2cc(ccc2o1)F)c3cccc(c3)F)n4c5c(c(n4)c6ccc(c(c6)F)OC(C)C)c(ncn5)N,InChiKey=IUVCFHHAEHNCFT-INIZCTEOSA-N
Upadacitinib,Smiles=CC[C@@H]1CN(C[C@@H]1c2cnc3n2c4cc[nH]c4nc3)C(=O)NCC(F)(F)F,InChiKey=WYQFJHHDOKWSHR-MNOVXSKESA-N
Uprosertib,Smiles=Cn1c(c(cn1)Cl)c2cc(oc2Cl)C(=O)N[C@@H](Cc3ccc(c(c3)F)F)CN,InChiKey=AXTAPYRUEKNRBA-JTQLQIEISA-N
Vactosertib,Smiles=Cc1cccc(n1)c2c(nc([nH]2)CNc3ccccc3F)c4ccc5ncnn5c4,InChiKey=FJCDSQATIJKQKA-UHFFFAOYSA-N
Vandetanib,Smiles=CN1CCC(CC1)COc2cc3c(cc2OC)c(ncn3)Nc4ccc(cc4F)Br,InChiKey=UHTHHESEBZOYNR-UHFFFAOYSA-N
Varlitinib,Smiles=C[C@@H]1COC(=N1)Nc2ccc3c(c2)c(ncn3)Nc4ccc(c(c4)Cl)OCc5nccs5,InChiKey=UWXSAYUXVSFDBQ-CYBMUJFWSA-N
Vatalanib,Smiles=c1ccc2c(c1)c(nnc2Nc3ccc(cc3)Cl)Cc4ccncc4,InChiKey=YCOYDOIWSSHVCK-UHFFFAOYSA-N
Vemurafenib,Smiles=CCCS(=O)(=O)Nc1ccc(c(c1F)C(=O)c2c[nH]c3c2cc(cn3)c4ccc(cc4)Cl)F,InChiKey=GPXBXXGIAQBQNI-UHFFFAOYSA-N
Verosudil,Smiles=CN(C)C(c1ccsc1)C(=O)Nc2ccc3c(c2)cc[nH]c3=O,InChiKey=VDYRZXYYQMMFJW-UHFFFAOYSA-N
Vistusertib,Smiles=C[C@H]1COCCN1c2c3ccc(nc3nc(n2)N4CCOC[C@@H]4C)c5cccc(c5)C(=O)NC,InChiKey=JUSFANSTBFGBAF-IRXDYDNUSA-N
Volasertib,Smiles=CC[C@H]1N(c2nc(ncc2N(C1=O)C)Nc3c(cc(cc3)C(=O)N[C@H]4CC[C@@H](CC4)N5CCN(CC5)CC6CC6)OC)C(C)C,InChiKey=SXNJFOWDRLKDSF-STROYTFGSA-N
Voruciclib,Smiles=CN1CC[C@H]([C@@H]1CO)c2c(cc(c3c2oc(cc3=O)c4ccc(cc4Cl)C(F)(F)F)O)O,InChiKey=MRPGRAKIAJJGMM-OCCSQVGLSA-N
Voxtalisib,Smiles=CCn1c2c(cc(c1=O)c3ccn[nH]3)c(nc(n2)N)C,InChiKey=RGHYDLZMTYDBDT-UHFFFAOYSA-N
Zanubrutinib,Smiles=C=CC(=O)N1CCC(CC1)C2CCNc3n2nc(c3C(=O)N)c4ccc(cc4)Oc5ccccc5,InChiKey=RNOAOAWBMHREKO-UHFFFAOYSA-N
